label,test_data,makespan_pct_vs_normal,carbon_pct_vs_normal,priority_pct_vs_normal
raw_merged_p20_c20_s60,20x5+carbon+priority,0.4429,-0.2364,-5.62
raw_merged_p20_c20_s60,15x10+carbon+priority,2.9497,0.0547,3.2534
raw_merged_p20_c20_s60,20x10+carbon+priority,3.4906,0.1197,1.6534
raw_merged_p20_c20_s60,30x10+carbon+priority,2.6123,-0.1381,0.7188
raw_merged_p20_c20_s60,40x10+carbon+priority,2.1714,0.1138,0.3112
ft_p025_200,20x5+carbon+priority,0.4295,-0.2217,-4.3239
ft_p025_200,15x10+carbon+priority,4.2814,0.0547,3.7086
ft_p025_200,20x10+carbon+priority,3.1488,0.6568,0.6849
ft_p025_200,30x10+carbon+priority,1.9064,-0.0037,0.8023
ft_p025_200,40x10+carbon+priority,1.2365,0.0379,0.5883
ft_p040_200,20x5+carbon+priority,1.6169,-0.0946,-8.5483
ft_p040_200,15x10+carbon+priority,3.3816,-0.039,2.0163
ft_p040_200,20x10+carbon+priority,3.2974,0.4733,-0.6828
ft_p040_200,30x10+carbon+priority,2.3264,0.0444,-2.5235
ft_p040_200,40x10+carbon+priority,2.0315,0.1347,-3.0768
ft_p0425_200,20x5+carbon+priority,0.3344,0.0605,-3.9296
ft_p0425_200,15x10+carbon+priority,5.6132,0.3903,6.4535
ft_p0425_200,20x10+carbon+priority,6.8905,0.6349,4.8019
ft_p0425_200,30x10+carbon+priority,3.952,0.1377,5.3607
ft_p0425_200,40x10+carbon+priority,3.0587,0.2568,5.5336
ft_p045_200,20x5+carbon+priority,0.4681,-0.0216,-6.7464
ft_p045_200,15x10+carbon+priority,1.486,0.036,2.2006
ft_p045_200,20x10+carbon+priority,2.0508,0.4215,-0.6903
ft_p045_200,30x10+carbon+priority,0.6827,0.1043,-0.4014
ft_p045_200,40x10+carbon+priority,0.3306,0.0835,0.1615
ft_p0475_200,20x5+carbon+priority,0.5454,0.0207,-7.5513
ft_p0475_200,15x10+carbon+priority,2.5332,0.2862,2.5013
ft_p0475_200,20x10+carbon+priority,2.5511,0.7889,-0.85
ft_p0475_200,30x10+carbon+priority,2.526,-0.0931,-1.8769
ft_p0475_200,40x10+carbon+priority,1.1049,0.2048,-1.9207
ft_p050_200,20x5+carbon+priority,0.3165,-0.0111,-5.5865
ft_p050_200,15x10+carbon+priority,1.8442,-0.2922,1.9387
ft_p050_200,20x10+carbon+priority,2.0013,0.749,-0.1147
ft_p050_200,30x10+carbon+priority,0.8051,0.1189,0.756
ft_p050_200,40x10+carbon+priority,0.6685,0.2395,1.2288
ft_p075_200,20x5+carbon+priority,0.6613,0.2613,-9.7939
ft_p075_200,15x10+carbon+priority,8.52,-0.0817,6.457
ft_p075_200,20x10+carbon+priority,13.411,0.2107,3.4091
ft_p075_200,30x10+carbon+priority,9.6867,-0.0767,0.4573
ft_p075_200,40x10+carbon+priority,5.313,0.3216,-2.1597
ft_p050_500,20x5+carbon+priority,0.4488,-0.401,-8.6904
ft_p050_500,15x10+carbon+priority,6.7392,-0.0091,4.2385
ft_p050_500,20x10+carbon+priority,9.7074,0.4054,1.0673
ft_p050_500,30x10+carbon+priority,6.5978,-0.026,-3.9045
ft_p050_500,40x10+carbon+priority,5.2467,0.1055,-6.5422
old_equal_ft,20x5+carbon+priority,1.9097,-0.4403,-7.3946
old_equal_ft,15x10+carbon+priority,7.3391,-0.0468,5.5288
old_equal_ft,20x10+carbon+priority,9.7569,0.5231,2.2192
old_equal_ft,30x10+carbon+priority,6.3672,0.0542,-2.2921
old_equal_ft,40x10+carbon+priority,4.6787,0.3691,-4.1776
