model,test_data,makespan_pct_vs_normal,carbon_pct_vs_normal,priority_pct_vs_normal
merged_p20_c20_s60,20x5+carbon+priority,0.4429,-0.2364,-5.62
merged_p20_c20_s60,15x10+carbon+priority,2.9497,0.0547,3.2534
merged_p20_c20_s60,20x10+carbon+priority,3.4906,0.1197,1.6534
merged_p20_c20_s60,30x10+carbon+priority,2.6123,-0.1381,0.7188
merged_p20_c20_s60,40x10+carbon+priority,2.1714,0.1138,0.3112
merged_p25_c25_s50,20x5+carbon+priority,0.8843,-0.1823,-5.4411
merged_p25_c25_s50,15x10+carbon+priority,4.17,-0.126,4.8592
merged_p25_c25_s50,20x10+carbon+priority,4.9652,0.8736,2.8997
merged_p25_c25_s50,30x10+carbon+priority,3.8141,-0.1185,1.2739
merged_p25_c25_s50,40x10+carbon+priority,2.8887,-0.0214,0.949
merged_p30_c30_s40,20x5+carbon+priority,1.8562,-0.3885,-5.0847
merged_p30_c30_s40,15x10+carbon+priority,4.7613,-0.0694,5.6333
merged_p30_c30_s40,20x10+carbon+priority,6.0946,0.411,3.3343
merged_p30_c30_s40,30x10+carbon+priority,5.6304,-0.3903,1.9644
merged_p30_c30_s40,40x10+carbon+priority,4.5885,0.1199,1.5973
merged_p50_c25_s25,20x5+carbon+priority,1.6556,0.1995,-6.5391
merged_p50_c25_s25,15x10+carbon+priority,4.8265,0.0867,4.7579
merged_p50_c25_s25,20x10+carbon+priority,6.9284,0.5177,2.3168
merged_p50_c25_s25,30x10+carbon+priority,4.7146,-0.0976,-0.2735
merged_p50_c25_s25,40x10+carbon+priority,3.8143,0.0444,-0.8877
merged_p25_c50_s25,20x5+carbon+priority,5.6251,0.1078,0.2929
merged_p25_c50_s25,15x10+carbon+priority,7.939,-0.1278,9.8454
merged_p25_c50_s25,20x10+carbon+priority,12.8034,-0.0584,11.7517
merged_p25_c50_s25,30x10+carbon+priority,11.2814,-0.4353,8.4339
merged_p25_c50_s25,40x10+carbon+priority,9.8818,0.1434,6.7198
