label,avg_makespan_pct_vs_normal,max_makespan_pct_vs_normal,avg_carbon_pct_vs_normal,avg_priority_pct_vs_normal,simple_avg_all_metrics_pct
ft_p045_200,1.0037,2.0508,0.1247,-1.0952,0.0111
ft_p040_200,2.5308,3.3816,0.1038,-2.563,0.0238
ft_p0475_200,1.8521,2.5511,0.2415,-1.9395,0.0514
ft_p050_200,1.1271,2.0013,0.1608,-0.3556,0.3108
raw_merged_p20_c20_s60,2.3334,3.4906,-0.0173,0.0633,0.7932
ft_p025_200,2.2005,4.2814,0.1048,0.292,0.8658
ft_p050_500,5.748,9.7074,0.015,-2.7663,0.9989
old_equal_ft,6.0103,9.7569,0.0918,-1.2233,1.6263
ft_p075_200,7.5184,13.411,0.127,-0.326,2.4398
ft_p0425_200,3.9697,6.8905,0.296,3.644,2.6366
